sku,title,brand,category,short,description,cost,costCurrency,isActive,isFeatured,images,specs,prices,files
242308,CARAVANA BINOMIO FDX OFICIAL SENASA,Allflex,IDENTIFICACION,Caravana electrónica oficial SENASA,"CARAVANA BINOMIO FDX OFICIAL SENASA. Allflex FDX-B: caravana electrónica oficial aprobada por SENASA para trazabilidad bovina en Argentina. Pensada para identificación confiable y operación diaria en campo, compatible con procesos de lectura RFID y gestión de datos. Código/SKU: 242308.",1.43,USD,true,false,[],"[{""label"":""Código"",""value"":""242308"",""sortOrder"":1},{""label"":""Marca"",""value"":""Allflex"",""sortOrder"":2},{""label"":""Categoría"",""value"":""IDENTIFICACION"",""sortOrder"":3},{""label"":""Tipo"",""value"":""FDX-B"",""sortOrder"":4},{""label"":""Oficial SENASA"",""value"":""Sí"",""sortOrder"":5}]","[{""priceList"":""minorista"",""currency"":""USD"",""netPrice"":1.6,""taxRate"":10.5}]",[]
242309,CARAVANA BINOMIO HDX OFICIAL SENASA,Allflex,IDENTIFICACION,Caravana electrónica oficial SENASA,"CARAVANA BINOMIO HDX OFICIAL SENASA. Allflex HDX: caravana electrónica oficial aprobada por SENASA para trazabilidad bovina en Argentina. Pensada para identificación confiable y operación diaria en campo, compatible con procesos de lectura RFID y gestión de datos. Código/SKU: 242309.",1.52,USD,true,false,[],"[{""label"":""Código"",""value"":""242309"",""sortOrder"":1},{""label"":""Marca"",""value"":""Allflex"",""sortOrder"":2},{""label"":""Categoría"",""value"":""IDENTIFICACION"",""sortOrder"":3},{""label"":""Tipo"",""value"":""HDX"",""sortOrder"":4},{""label"":""Oficial SENASA"",""value"":""Sí"",""sortOrder"":5}]","[{""priceList"":""minorista"",""currency"":""USD"",""netPrice"":1.68,""taxRate"":10.5}]",[]
FL1289,FOXLIGHTS,Foxlights,Granja,Producto para granja Foxlights,FOXLIGHTS. Producto orientado a tareas y necesidades típicas de granja. Diseñado para facilitar el trabajo diario con foco en practicidad y resistencia. Código/SKU: FL1289.,143.19,USD,true,false,[],"[{""label"":""Código"",""value"":""FL1289"",""sortOrder"":1},{""label"":""Marca"",""value"":""Foxlights"",""sortOrder"":2},{""label"":""Categoría"",""value"":""Granja"",""sortOrder"":3}]","[{""priceList"":""minorista"",""currency"":""USD"",""netPrice"":186.14,""taxRate"":21}]",[]
2N9647,Gallagher aislador S esquinero negro Caja x 500,GALLAGHER,Electrificación Accesorios,Accesorio para cerco eléctrico Gallagher,"Gallagher aislador S esquinero negro Caja x 500. Accesorio para cerco eléctrico diseñado para una instalación prolija y durable. Contribuye a la correcta conducción, sujeción o conexión según el componente, manteniendo la eficiencia del sistema. Código/SKU: 2N9647.",274.77,USD,true,false,[],"[{""label"":""Código"",""value"":""2N9647"",""sortOrder"":1},{""label"":""Marca"",""value"":""Gallagher"",""sortOrder"":2},{""label"":""Modelo"",""value"":""500"",""sortOrder"":3},{""label"":""Categoría"",""value"":""Electrificación Accesorios"",""sortOrder"":4}]","[{""priceList"":""minorista"",""currency"":""USD"",""netPrice"":357.19,""taxRate"":21}]",[]
G-02606,Gallagher Balanza TWR5,GALLAGHER,Pesaje e IDE,"Báscula portátil de alta precisión con lector EID integrado para pesaje, registro y clasificación de animales.","La Gallagher TWR-5 es una báscula avanzada diseñada para el manejo de animales que combina pesaje, recopilación y gestión de datos en un solo equipo. Posee pantalla táctil legible en exteriores, conectividad (Bluetooth/Wi-Fi), memoria interna y compatibilidad con aplicaciones Gallagher para sincronizar datos fácilmente. Ideal para uso en campo y operaciones ganaderas que requieren análisis detallado de rendimiento animal.",,,true,false,"[{""url"":""https://res.cloudinary.com/dqcb3hmi3/image/upload/v1772566636/ifedel/products/G-02606/i38eaulbzfbr24g2vzua.jpg"",""isPrimary"":true,""sortOrder"":0},{""url"":""https://res.cloudinary.com/dqcb3hmi3/image/upload/v1772566644/ifedel/products/G-02606/bcfv3vdv015gtnfcsam5.jpg"",""isPrimary"":false,""sortOrder"":1},{""url"":""https://res.cloudinary.com/dqcb3hmi3/image/upload/v1772566654/ifedel/products/G-02606/fwhebf8sggaunsn6ns7e.jpg"",""isPrimary"":false,""sortOrder"":2}]","[{""label"":""Pantalla"",""value"":""Táctil color legible a la luz solar"",""sortOrder"":0},{""label"":""Lectura EID"",""value"":""Integrada (ISO HDX y FDX-B)"",""sortOrder"":1},{""label"":""Conectividad"",""value"":""Bluetooth y Wi-Fi"",""sortOrder"":2},{""label"":""Registro de datos"",""value"":""Hasta 9 rasgos por animal"",""sortOrder"":3},{""label"":""Compatibilidad"",""value"":""Barras de carga Gallagher (incluye inalámbricas)"",""sortOrder"":4},{""label"":""Almacenamiento"",""value"":""Memoria interna para registros de animales"",""sortOrder"":5},{""label"":""Alimentación"",""value"":""Batería recargable interna"",""sortOrder"":6},{""label"":""Construcción"",""value"":""Carcasa robusta para uso en campo"",""sortOrder"":7}]","[{""priceList"":""minorista"",""currency"":""USD"",""netPrice"":4337.048743,""taxRate"":10.5}]",[]
G-37913,Gallagher Electrificador M12000i,GALLAGHER,Electrificación Energizadores,Energizador de cercas de alta potencia con tecnología Serie i para monitoreo inteligente 24/7.,,,,true,false,[],"[{""label"":""Tipo"",""value"":""Energizador eléctrico de red 220V"",""sortOrder"":0},{""label"":""Energía almacenada"",""value"":""120 J"",""sortOrder"":1},{""label"":""Energía de salida"",""value"":""84 J"",""sortOrder"":2},{""label"":""Alcance máximo"",""value"":""Hasta 60 km de cerca (ideal condiciones)"",""sortOrder"":3},{""label"":""Tecnología"",""value"":""Serie i con monitoreo inteligente 24/7"",""sortOrder"":4},{""label"":""Control remoto"",""value"":""Compatible con módulos Wi-Fi / SMS"",""sortOrder"":5},{""label"":""Dimensiones"",""value"":""310 x 430 x 140 mm"",""sortOrder"":6},{""label"":""Peso"",""value"":""Aproximadamente 9.9 kg"",""sortOrder"":7},{""label"":""Garantía"",""value"":""3 años"",""sortOrder"":8}]","[{""priceList"":""minorista"",""currency"":""USD"",""netPrice"":5107.775771,""taxRate"":0}]",[]
G02500,Gallagher Balanza W0,GALLAGHER,Pesaje e IDE,Indicador de pesaje básico con Bluetooth para registro en app.,"El W-0 es el indicador de pesaje de entrada de gama de Gallagher, pensado para productores que necesitan comenzar a registrar pesos de manera simple y confiable. Permite trabajar en manga o en campo y enviar los datos vía Bluetooth a la aplicación Gallagher Animal Performance para seguimiento y análisis posterior. Cuenta con batería interna recargable de larga duración y una interfaz clara para uso a la intemperie. Ideal para pesajes rutinarios y control básico de desempeño.",529.85,USD,true,false,"[{""url"":""https://res.cloudinary.com/dqcb3hmi3/image/upload/v1772566718/ifedel/products/G02500/ka1l1tkxqymimpxane3q.jpg"",""isPrimary"":true,""sortOrder"":0},{""url"":""https://res.cloudinary.com/dqcb3hmi3/image/upload/v1772566708/ifedel/products/G02500/t3h7rjnozxbajstfdvil.jpg"",""isPrimary"":false,""sortOrder"":1}]","[{""label"":""Código"",""value"":""G02500"",""sortOrder"":1},{""label"":""Marca"",""value"":""Gallagher"",""sortOrder"":2},{""label"":""Categoría"",""value"":""Pesaje e IDE"",""sortOrder"":3},{""label"":""Modelo"",""value"":""W-0"",""sortOrder"":6},{""label"":""Tipo "",""value"":""Indicador de pesaje"",""sortOrder"":7},{""label"":""App compatible"",""value"":""Gallagher Animal Performance"",""sortOrder"":8},{""label"":""Uso recomendado"",""value"":""Pesaje básico y registro de sesiones"",""sortOrder"":9},{""label"":""Pantalla"",""value"":""LCD de alta visibilidad"",""sortOrder"":10},{""label"":""Batería"",""value"":""Interna recargable"",""sortOrder"":11},{""label"":""Bluetooth"",""value"":""Sí"",""sortOrder"":12}]","[{""priceList"":""minorista"",""currency"":""USD"",""netPrice"":688.81,""taxRate"":10.5}]","[{""type"":""manual"",""url"":""https://am.gallagher.com/-/media/Bynder/Animal-Management/Document/All-GGL-Manuals/W-0-Weigh-Scale-Quick-Start-Guide-original.pdf""}]"
G02501,Gallagher Balanza W1,GALLAGHER,Pesaje e IDE,Indicador de pesaje con Wi-Fi y compatibilidad EID.,"El W-1 es un indicador de pesaje diseñado para dar el paso desde el pesaje básico hacia un manejo más estructurado por animal o lote. Permite sincronización Wi-Fi con plataformas de gestión, es compatible con lectura EID (mediante antena/lector compatible) y trabaja tanto con barras cableadas como inalámbricas. Ideal para establecimientos que buscan mejorar control productivo sin ir a un sistema completamente avanzado.",1447.18,USD,true,false,"[{""url"":""https://res.cloudinary.com/dqcb3hmi3/image/upload/v1772566769/ifedel/products/G02501/rrsisrr47nkjbrqoed8f.jpg"",""isPrimary"":true,""sortOrder"":0},{""url"":""https://res.cloudinary.com/dqcb3hmi3/image/upload/v1772566778/ifedel/products/G02501/wpey2nstiqcardiwgrd9.jpg"",""isPrimary"":false,""sortOrder"":1}]","[{""label"":""Código"",""value"":""G02501"",""sortOrder"":1},{""label"":""Marca"",""value"":""Gallagher"",""sortOrder"":2},{""label"":""Tipo"",""value"":""Indicador de pesaje y colector de datos"",""sortOrder"":3},{""label"":""Modelo "",""value"":""W-1"",""sortOrder"":3},{""label"":""Wi-Fi"",""value"":""Sí"",""sortOrder"":4},{""label"":""Bluetooth"",""value"":""Sí"",""sortOrder"":5},{""label"":""Compatibilidad EID"",""value"":""Sí (con lector compatible)"",""sortOrder"":6},{""label"":""Compatibilidad loadbars"",""value"":""Cableadas e inalámbricas"",""sortOrder"":7},{""label"":""Batería "",""value"":""Litio recargable"",""sortOrder"":8},{""label"":""Uso recomendado"",""value"":""Pesaje + registro por animal"",""sortOrder"":9}]","[{""priceList"":""minorista"",""currency"":""USD"",""netPrice"":1808.98,""taxRate"":10.5}]","[{""type"":""manual"",""url"":""https://am.gallagher.com/-/media/Bynder/Animal-Management/Document/All-GGL-Manuals/W-1-Weigh-Scale-User-Guide-original.pdf""}]"
G02603,Gallagher Balanza TW3,GALLAGHER,Pesaje e IDE,Balanza táctil 7” con registro de datos productivos.,"El TW-3 es un indicador de pesaje con pantalla táctil de alta visibilidad diseñado para uso intensivo en campo. Permite registrar hasta 3 atributos productivos por animal además del peso, facilitando análisis posteriores y toma de decisiones. Cuenta con conectividad Wi-Fi y Bluetooth para sincronización con la plataforma Gallagher Animal Performance. Es ideal para establecimientos que necesitan combinar pesaje con gestión de datos productivos.",2666.43,USD,true,false,"[{""url"":""https://res.cloudinary.com/dqcb3hmi3/image/upload/v1772566558/ifedel/products/G02603/zqvozvuwwzknjkrrctuc.jpg"",""isPrimary"":true,""sortOrder"":0},{""url"":""https://res.cloudinary.com/dqcb3hmi3/image/upload/v1772566567/ifedel/products/G02603/szcby7w5tpgk8wn5fytm.jpg"",""isPrimary"":false,""sortOrder"":1},{""url"":""https://res.cloudinary.com/dqcb3hmi3/image/upload/v1772566580/ifedel/products/G02603/xlivwoqk8rwcdy6kxe6f.jpg"",""isPrimary"":false,""sortOrder"":2}]","[{""label"":""Código"",""value"":""G02603"",""sortOrder"":1},{""label"":""Marca"",""value"":""Gallagher"",""sortOrder"":2},{""label"":""Modelo "",""value"":""TW-3"",""sortOrder"":2},{""label"":""Pantalla"",""value"":""Táctil 7\"" visible a pleno sol "",""sortOrder"":3},{""label"":""Wi-Fi"",""value"":""Sí"",""sortOrder"":4},{""label"":""Bluetooth"",""value"":""Sí"",""sortOrder"":5},{""label"":""Traits por animal "",""value"":""Hasta 3"",""sortOrder"":6},{""label"":""Compatibilidad EID"",""value"":""Sí (Con lector compatible)"",""sortOrder"":7},{""label"":""Uso recomendado"",""value"":""Pesaje + análisis productivo"",""sortOrder"":8}]","[{""priceList"":""minorista"",""currency"":""USD"",""netPrice"":3333.04,""taxRate"":10.5}]","[{""type"":""manual"",""url"":""https://search.am.gallagher.com/media/9027/3e4401-tw-3-quick-start-guide.pdf""}]"
G03112,"Antena panel 1,30 x 60 RDR",GALLAGHER,Pesaje e IDE,Antena panel EID 1300×600 compatible HDX y FDX-B.,Antena panel para lectura electrónica de caravanas ISO HDX y FDX-B. Diseñada para instalaciones fijas y lectura en paso. Resistente a la intemperie y de fácil montaje.,1424.76,USD,true,false,"[{""url"":""https://res.cloudinary.com/dqcb3hmi3/image/upload/v1772565460/ifedel/products/G03112/qjr1uozbea5nyqjxnxdu.jpg"",""isPrimary"":true,""sortOrder"":1},{""url"":""https://res.cloudinary.com/dqcb3hmi3/image/upload/v1772565430/ifedel/products/G03112/zrnakikummpx9iu8lja8.jpg"",""isPrimary"":false,""sortOrder"":0}]","[{""label"":""Tipo "",""value"":""Antena panel EID"",""sortOrder"":0},{""label"":""Compatibilidad ISO "",""value"":""HDX y FDX-B"",""sortOrder"":1},{""label"":""Uso"",""value"":""Instalación fija / walk-past"",""sortOrder"":2},{""label"":""Protección "",""value"":""Impermeable"",""sortOrder"":3},{""label"":""Dimensiones "",""value"":""1300 x 600 mm"",""sortOrder"":4}]","[{""priceList"":""minorista"",""currency"":""USD"",""netPrice"":1852.19,""taxRate"":10.5}]",[]
G03121,Gallagher Antena panel 60 x 40 RDR,GALLAGHER,Pesaje e IDE,Antena panel EID 600×400 compatible HDX y FDX-B.,Antena compacta para lectura EID en instalaciones de pesaje o paso. Compatible con caravanas ISO HDX y FDX-B.,681.38,USD,true,false,"[{""url"":""https://res.cloudinary.com/dqcb3hmi3/image/upload/v1772566482/ifedel/products/G03121/sza7bjchcwlh4x1qyqzu.jpg"",""isPrimary"":true,""sortOrder"":0},{""url"":""https://res.cloudinary.com/dqcb3hmi3/image/upload/v1772566493/ifedel/products/G03121/r114ezip63als37rrgzr.jpg"",""isPrimary"":false,""sortOrder"":1}]","[{""label"":""Tipo"",""value"":""Antena panel EID"",""sortOrder"":0},{""label"":""Compatibilidad ISO "",""value"":""HDX y FDX-B"",""sortOrder"":1},{""label"":""Uso "",""value"":""Instalación fija"",""sortOrder"":2},{""label"":""Protección "",""value"":""Impermeable"",""sortOrder"":3},{""label"":""Dimensiones"",""value"":""600 x 400 mm"",""sortOrder"":4}]","[{""priceList"":""minorista"",""currency"":""USD"",""netPrice"":885.79,""taxRate"":10.5}]",[]
G03302,Bastón para identificación HR4,GALLAGHER,LECTORES,Lector portátil EID tipo bastón Gallagher HR4.,"El HR4 es un lector portátil EID profesional diseñado para lectura rápida y confiable de caravanas electrónicas ISO HDX y FDX-B. Su formato tipo bastón permite operar cómodamente en manga o en campo abierto, optimizando tiempos de trabajo en identificación individual.

Cuenta con conectividad Bluetooth para sincronizar datos con la app Gallagher Animal Performance, permitiendo descargar lecturas y gestionarlas posteriormente. Posee memoria interna para almacenar registros y una pantalla visible en exteriores para operación en condiciones reales de campo.

Es una excelente solución para establecimientos que buscan mejorar trazabilidad sin necesidad de un sistema de gestión completamente avanzado.",1299.25,USD,true,false,"[{""url"":""https://res.cloudinary.com/dqcb3hmi3/image/upload/v1772565905/ifedel/products/G03302/ttj2oarwzkhzzrpm3bmh.jpg"",""isPrimary"":true,""sortOrder"":0},{""url"":""https://res.cloudinary.com/dqcb3hmi3/image/upload/v1772565879/ifedel/products/G03302/kv5irrrluwmnnydusztm.jpg"",""isPrimary"":false,""sortOrder"":1},{""url"":""https://res.cloudinary.com/dqcb3hmi3/image/upload/v1772565891/ifedel/products/G03302/ta1usryvijzaukoodt7n.jpg"",""isPrimary"":false,""sortOrder"":2},{""url"":""https://res.cloudinary.com/dqcb3hmi3/image/upload/v1772565918/ifedel/products/G03302/wro3jutcrnpyvksza177.jpg"",""isPrimary"":false,""sortOrder"":3}]","[{""label"":""Modelo "",""value"":""HR4"",""sortOrder"":0},{""label"":""Tipo "",""value"":""Lector portátil tipo bastón"",""sortOrder"":1},{""label"":""Compatibilidad ISO"",""value"":""HDX y FDX-B"",""sortOrder"":2},{""label"":""Frecuencia "",""value"":""134.2 kHz (ISO 11784/11785)"",""sortOrder"":3},{""label"":""Conectividad"",""value"":""Bluetooth "",""sortOrder"":4},{""label"":""Memoria interna"",""value"":""Sí"",""sortOrder"":5},{""label"":""Pantalla "",""value"":""LCD de alta visibilidad exterior"",""sortOrder"":6},{""label"":""Protección "",""value"":""Uso intensivo en campo"",""sortOrder"":7},{""label"":""Uso recomendado"",""value"":""Identificación individual y trazabilidad"",""sortOrder"":8}]","[{""priceList"":""minorista"",""currency"":""USD"",""netPrice"":1559.1,""taxRate"":10.5}]","[{""type"":""manual"",""url"":""https://shop.am.gallagher.com/medias/HR4-Hand-Held-Reader-User-Manual-INT?context=bWFzdGVyfHN1cHBvcnR8MzY2NDAxN3xhcHBsaWNhdGlvbi9wZGZ8YURRd0wyZ3pOQzh4TXpjMU5EZzBNVGt5TXpZeE5DOUlValFnU0dGdVpDQklaV3hrSUZKbFlXUmxjaUJWYzJWeUlFMWhiblZoYkNCSlRsUXw1ZjA0MmU3MDRiODczOWM5MTkwZWE2ZTVkZjgxZGU4NjA1NmRiNzc0Y2ExODRhMmQxODMyZTZkZWIxM2I4ZDYz""}]"
G03303,Bastón para identificación HR5,GALLAGHER,LECTORES,Lector portátil EID avanzado Gallagher HR5 con Wi-Fi.,"El HR5 es el lector portátil más avanzado de la línea Gallagher. Diseñado para máxima velocidad y precisión en lectura EID, ofrece conectividad Wi-Fi y Bluetooth para sincronización directa con la plataforma Gallagher Animal Performance.

Permite registrar información adicional asociada al animal identificado, facilitando la integración con sistemas de pesaje y manejo productivo. Su pantalla de alta visibilidad y su diseño robusto lo hacen ideal para uso intensivo en manga y campo.

Es la opción recomendada para establecimientos que trabajan con grandes volúmenes y necesitan trazabilidad profesional integrada con gestión de datos.",1576.74,USD,true,false,"[{""url"":""https://res.cloudinary.com/dqcb3hmi3/image/upload/v1772566048/ifedel/products/G03303/foo12knrikptb9gmn1ou.jpg"",""isPrimary"":true,""sortOrder"":0},{""url"":""https://res.cloudinary.com/dqcb3hmi3/image/upload/v1772566023/ifedel/products/G03303/cculytm0kdyfig8gtzjs.jpg"",""isPrimary"":false,""sortOrder"":1},{""url"":""https://res.cloudinary.com/dqcb3hmi3/image/upload/v1772566033/ifedel/products/G03303/w5bpmuzsjfuvgjq4mv4i.jpg"",""isPrimary"":false,""sortOrder"":2},{""url"":""https://res.cloudinary.com/dqcb3hmi3/image/upload/v1772566060/ifedel/products/G03303/hcqzwn27fghv0t37tcqh.jpg"",""isPrimary"":false,""sortOrder"":3}]","[{""label"":""Modelo "",""value"":""HR5"",""sortOrder"":0},{""label"":""Tipo "",""value"":""Lector portátil tipo bastón "",""sortOrder"":1},{""label"":""Compatibilidad ISO"",""value"":""HDX y FDX-B"",""sortOrder"":2},{""label"":""Frecuencia "",""value"":""134.2 kHz (ISO 11784/11785)"",""sortOrder"":3},{""label"":""Wi-Fi "",""value"":""Sí"",""sortOrder"":4},{""label"":""Bluetooth "",""value"":""Sí"",""sortOrder"":5},{""label"":""Sincronización "",""value"":""Gallagher Animal Performance"",""sortOrder"":6},{""label"":""Pantalla"",""value"":""Alta visibilidad exterior "",""sortOrder"":7},{""label"":""Memoria interna"",""value"":""Sí"",""sortOrder"":8},{""label"":""Uso recomendado"",""value"":""Trazabilidad avanzada e integración con pesaje"",""sortOrder"":9}]","[{""priceList"":""minorista"",""currency"":""USD"",""netPrice"":1892.09,""taxRate"":10.5}]",[]
G05501,Celda de conversión (b. mecánica) de 500 Kgs,GALLAGHER,Pesaje e IDE,Celda de carga de suspensión 500 kg.,Celda de carga diseñada para reemplazar sistemas mecánicos en pesaje suspendido. Permite convertir sistemas tradicionales en digitales con mayor precisión.,505.68,USD,true,false,"[{""url"":""https://res.cloudinary.com/dqcb3hmi3/image/upload/v1772566226/ifedel/products/G05501/sb29nwb9kquqvumr5g2n.jpg"",""isPrimary"":true,""sortOrder"":0}]","[{""label"":""Tipo "",""value"":""Celda de suspensión"",""sortOrder"":0},{""label"":""Capacidad"",""value"":""500 kg"",""sortOrder"":1},{""label"":""Aplicación "",""value"":""Conversión de pesaje mecánico"",""sortOrder"":2},{""label"":""Uso recomendado"",""value"":""Sistemas colgantes"",""sortOrder"":3}]","[{""priceList"":""minorista"",""currency"":""USD"",""netPrice"":632.1,""taxRate"":21}]",[]
G06000,Barras de carga 2500kg 600mm,GALLAGHER,Pesaje e IDE,Barras de carga 2500 kg – 600 mm.,Set de barras de carga galvanizadas diseñadas para sistemas de pesaje ganadero. Soportan hasta 2500 kg por par y cuentan con celdas selladas resistentes al agua y la corrosión. Su construcción robusta permite lecturas estables incluso en entornos exigentes.,1576.14,USD,true,false,"[{""url"":""https://res.cloudinary.com/dqcb3hmi3/image/upload/v1772565615/ifedel/products/G06000/ldv8znwevawjmep3rqv5.jpg"",""isPrimary"":true,""sortOrder"":0}]","[{""label"":""Capacidad"",""value"":""2500 kg (par)"",""sortOrder"":0},{""label"":""Longitud"",""value"":""600 mm"",""sortOrder"":1},{""label"":""Construcción "",""value"":""Acero galvanizado"",""sortOrder"":2},{""label"":""Celdas "",""value"":""Selladas e impermeables"",""sortOrder"":3},{""label"":""Uso recomendado"",""value"":""Plataformas y sistemas de pesaje"",""sortOrder"":4}]","[{""priceList"":""minorista"",""currency"":""USD"",""netPrice"":1891.36,""taxRate"":21}]","[{""type"":""manual"",""url"":""https://shop.am.gallagher.com/medias/Load-Bar-User-Manual-INT?context=bWFzdGVyfHN1cHBvcnR8OTc1NjM3NnxhcHBsaWNhdGlvbi9wZGZ8YUdNMEwyaGxOaTh4TkRreE5EUXdOVGsxTnpZMk1pOU1iMkZrSUVKaGNpQlZjMlZ5SUUxaGJuVmhiQ0JKVGxRfDE4ODE2ZmIyNWU1NjQ1ZGQ4YTFlODc3MTc3ZDZhMmNmY2MyNzc2ZWYwN2RkMTYzYWFiMmM5OGY0ZGI0YzIwZGQ""}]"
G06100,Barras de carga 2500kg 1000mm,GALLAGHER,Pesaje e IDE,Barras de carga 2500 kg – 1000 mm.,Barras de carga diseñadas para sistemas de mayor separación o instalaciones específicas. Mantienen la capacidad de 2500 kg por par y cuentan con estructura galvanizada resistente a la intemperie.,1821.15,USD,true,true,"[{""url"":""https://res.cloudinary.com/dqcb3hmi3/image/upload/v1772565559/ifedel/products/G06100/nu46ngs2b0qvpzb2nrdq.jpg"",""isPrimary"":true,""sortOrder"":0}]","[{""label"":""Capacidad"",""value"":""2500 kg (par)"",""sortOrder"":0},{""label"":""Longitud"",""value"":""1000 mm"",""sortOrder"":1},{""label"":""Construcción "",""value"":""Galvanizado resistente"",""sortOrder"":2},{""label"":""Celdas"",""value"":""Selladas sin partes móviles"",""sortOrder"":3},{""label"":""Uso Recomendado"",""value"":""Sistema de pesaje ganadero"",""sortOrder"":4}]","[{""priceList"":""minorista"",""currency"":""USD"",""netPrice"":2276.44,""taxRate"":21}]","[{""type"":""manual"",""url"":""https://shop.am.gallagher.com/medias/Load-Bar-User-Manual-INT?context=bWFzdGVyfHN1cHBvcnR8OTc1NjM3NnxhcHBsaWNhdGlvbi9wZGZ8YUdNMEwyaGxOaTh4TkRreE5EUXdOVGsxTnpZMk1pOU1iMkZrSUVKaGNpQlZjMlZ5SUUxaGJuVmhiQ0JKVGxRfDE4ODE2ZmIyNWU1NjQ1ZGQ4YTFlODc3MTc3ZDZhMmNmY2MyNzc2ZWYwN2RkMTYzYWFiMmM5OGY0ZGI0YzIwZGQ""}]"
G06300,Barras de carga 5000Kg 1000mm,GALLAGHER,Pesaje e IDE,Barras de carga heavy duty 5000 kg.,Barras de carga de alta capacidad diseñadas para soportar golpes y cargas pesadas típicas del trabajo con animales grandes. Ideales para instalaciones permanentes y sistemas exigentes.,1882,USD,true,false,"[{""url"":""https://res.cloudinary.com/dqcb3hmi3/image/upload/v1772565753/ifedel/products/G06300/xl9tppxlxjypkpla5qa8.jpg"",""isPrimary"":true,""sortOrder"":0}]","[{""label"":""Capacidad"",""value"":""5000 kg (par)"",""sortOrder"":0},{""label"":""Longitud"",""value"":""1000 mm"",""sortOrder"":1},{""label"":""Diseño "",""value"":""Heavy duty"",""sortOrder"":2},{""label"":""Construcción "",""value"":""Acero reforzado"",""sortOrder"":3},{""label"":""Uso recomendado"",""value"":""Manga/crush de alto impacto"",""sortOrder"":4}]","[{""priceList"":""minorista"",""currency"":""USD"",""netPrice"":2408,""taxRate"":21}]","[{""type"":""manual"",""url"":""https://shop.am.gallagher.com/medias/Load-Bar-User-Manual-INT?context=bWFzdGVyfHN1cHBvcnR8OTc1NjM3NnxhcHBsaWNhdGlvbi9wZGZ8YUdNMEwyaGxOaTh4TkRreE5EUXdOVGsxTnpZMk1pOU1iMkZrSUVKaGNpQlZjMlZ5SUUxaGJuVmhiQ0JKVGxRfDE4ODE2ZmIyNWU1NjQ1ZGQ4YTFlODc3MTc3ZDZhMmNmY2MyNzc2ZWYwN2RkMTYzYWFiMmM5OGY0ZGI0YzIwZGQ""}]"
G06330,Chasis Barras de carga 5000Kg 1000mm Inalámbrica,GALLAGHER,Pesaje e IDE,Chasis heavy duty para loadbars inalámbricas.,Chasis diseñado para uso con barras de carga inalámbricas de 5000 kg. Construcción reforzada para resistir golpes y cargas extremas en manga.,1865,USD,true,false,"[{""url"":""https://res.cloudinary.com/dqcb3hmi3/image/upload/v1772566367/ifedel/products/G06330/lvblovohqqosqmqh8pgw.jpg"",""isPrimary"":true,""sortOrder"":0}]","[{""label"":""Sistema "",""value"":""Wireless Load Bars "",""sortOrder"":0},{""label"":""Capacidad "",""value"":""5000 kg "",""sortOrder"":1},{""label"":""Longitud "",""value"":""1000 mm"",""sortOrder"":2},{""label"":""Construcción "",""value"":""Galvanizado reforzado"",""sortOrder"":3},{""label"":""Uso recomendado"",""value"":""Instalaciones permanentes "",""sortOrder"":5},{""label"":""Bluetooth "",""value"":""Sí"",""sortOrder"":5}]","[{""priceList"":""minorista"",""currency"":""USD"",""netPrice"":2335,""taxRate"":21}]","[{""type"":""manual"",""url"":""https://shop.am.gallagher.com/medias/Load-Bar-User-Manual-INT?context=bWFzdGVyfHN1cHBvcnR8OTc1NjM3NnxhcHBsaWNhdGlvbi9wZGZ8YUdNMEwyaGxOaTh4TkRreE5EUXdOVGsxTnpZMk1pOU1iMkZrSUVKaGNpQlZjMlZ5SUUxaGJuVmhiQ0JKVGxRfDE4ODE2ZmIyNWU1NjQ1ZGQ4YTFlODc3MTc3ZDZhMmNmY2MyNzc2ZWYwN2RkMTYzYWFiMmM5OGY0ZGI0YzIwZGQ""}]"
G06339,Modulo Barra de carga 5000Kg 1000mm Inalámbrica,GALLAGHER,Pesaje e IDE,Módulo de reemplazo para loadbars inalámbricas 5000 kg.,Par de módulos de reemplazo para sistema de barras de carga inalámbricas 5000 kg. Diseñados para restaurar funcionalidad del sistema original.,692.48,USD,true,false,"[{""url"":""https://res.cloudinary.com/dqcb3hmi3/image/upload/v1772566879/ifedel/products/G06339/mqy3hrdzqmqwjxf7dkzs.jpg"",""isPrimary"":true,""sortOrder"":0}]","[{""label"":""Sistema "",""value"":""Wireless Load Bars"",""sortOrder"":0},{""label"":""Compatibilidad"",""value"":""5000 kg"",""sortOrder"":1},{""label"":""Prestación "",""value"":""Par"",""sortOrder"":2},{""label"":""Uso recomendado"",""value"":""Repuesto / mantenimiento"",""sortOrder"":3}]","[{""priceList"":""minorista"",""currency"":""USD"",""netPrice"":900.22,""taxRate"":21}]","[{""type"":""manual"",""url"":""https://shop.am.gallagher.com/medias/Load-Bar-User-Manual-INT?context=bWFzdGVyfHN1cHBvcnR8OTc1NjM3NnxhcHBsaWNhdGlvbi9wZGZ8YUdNMEwyaGxOaTh4TkRreE5EUXdOVGsxTnpZMk1pOU1iMkZrSUVKaGNpQlZjMlZ5SUUxaGJuVmhiQ0JKVGxRfDE4ODE2ZmIyNWU1NjQ1ZGQ4YTFlODc3MTc3ZDZhMmNmY2MyNzc2ZWYwN2RkMTYzYWFiMmM5OGY0ZGI0YzIwZGQ""}]"
G064800,Desviador - Protector de rayos,GALLAGHER,Electrificación Energizadores,Protector contra descargas para energizadores,"Dispositivo diseñado para proteger el energizador frente a descargas atmosféricas y sobretensiones, prolongando la vida útil del equipo.",27.65,USD,true,false,[],"[{""label"":""Tipo"",""value"":""Protector de rayos "",""sortOrder"":0},{""label"":""Instalación "",""value"":""En línea de cerco "",""sortOrder"":1},{""label"":""Uso recomendado"",""value"":""Protección del sistema eléctrico"",""sortOrder"":2}]","[{""priceList"":""minorista"",""currency"":""USD"",""netPrice"":35.95,""taxRate"":21}]",[]
G30100,Electrificador MBS 1000i,GALLAGHER,Electrificación Energizadores,Energizador inteligente para campos medianos.,"El MBS 1000i es un energizador inteligente orientado a establecimientos medianos o subdivisiones internas. Ofrece potencia suficiente para varias líneas de cerco y mantiene buen rendimiento frente a vegetación.

Al integrar tecnología Serie i, permite monitoreo del sistema y detección de fallas, mejorando la gestión del perímetro eléctrico.",1154.81,USD,true,false,[],"[{""label"":""Energía almacenada"",""value"":""10 J"",""sortOrder"":0},{""label"":""Energía de salida"",""value"":""7.7 J"",""sortOrder"":1},{""label"":""Distancia máxima "",""value"":""hasta 65 km"",""sortOrder"":2},{""label"":""Tecnología "",""value"":""Serie i"",""sortOrder"":3}]","[{""priceList"":""minorista"",""currency"":""USD"",""netPrice"":1501.25,""taxRate"":10.5}]","[{""type"":""manual"",""url"":""https://shop.am.gallagher.com/medias/i-Series-Fence-Energizer-User-Manual-INT?context=bWFzdGVyfHN1cHBvcnR8MTE3OTU0NjF8YXBwbGljYXRpb24vcGRmfGFEazVMMmcwWkM4eE5EZ3lOREV5T1RFd01UZzFOQzlwSUZObGNtbGxjeUJHWlc1alpTQkZibVZ5WjJsNlpYSWdWWE5sY2lCTllXNTFZV3dnU1U1VXxkMjkzMTdhMGYyMDNhYjQ1YjQ5YTM2YWZkMDJmNzhlYmE4NzM4YmNkYjQ2MDc3NmZiMjIxODA4YWIyOTdmYTZk""}]"
G31500,Electrificador MBS 1800i,GALLAGHER,Electrificación Energizadores,Energizador inteligente de potencia media-alta.,"El MBS 1800i ofrece una solución equilibrada entre potencia y gestión inteligente del cerco. Pertenece a la Serie i, lo que permite monitoreo avanzado y detección de problemas en la línea.

Es ideal para campos medianos o subdivisiones múltiples donde se requiere estabilidad eléctrica constante y eficiencia energética.",1412.8,USD,true,false,[],"[{""label"":""Energía almacenada"",""value"":""18 J"",""sortOrder"":0},{""label"":""Energía de salida "",""value"":""12.4 J"",""sortOrder"":1},{""label"":""Distancia máxima"",""value"":""hasta 90km"",""sortOrder"":2},{""label"":""Tecnología "",""value"":""Serie i"",""sortOrder"":3}]","[{""priceList"":""minorista"",""currency"":""USD"",""netPrice"":1836.64,""taxRate"":10.5}]","[{""type"":""manual"",""url"":""https://shop.am.gallagher.com/medias/MBS1800i-MBS2800i-Energizer-User-Manual-INT?context=bWFzdGVyfHN1cHBvcnR8NjY3MTk3MHxhcHBsaWNhdGlvbi9wZGZ8YUROaUwyZzJNaTh4TkRnMk56UTNOakkxTURZMU5DOU5RbE14T0RBd2FTQk5RbE15T0RBd2FTQkZibVZ5WjJsNlpYSWdWWE5sY2lCTllXNTFZV3dnU1U1VXw0YzFlOGY1MTA4NWE2ZmIxZDU4NTY1YmUzOThlMWY2NjJiYzc1ZTkxZjllMWYxMDYxMTAwZjA3OTcyZTY2NmQ3""}]"
G31501,Electrificador MBS 2800i,GALLAGHER,Electrificación Energizadores,Energizador inteligente para establecimientos medianos.,Energizador Serie i que ofrece equilibrio entre potencia y monitoreo inteligente. Permite controlar múltiples líneas con buena tolerancia a carga vegetal.,1486.31,USD,true,false,[],"[{""label"":""Energía almacenada"",""value"":""28 J"",""sortOrder"":0},{""label"":""Energía de salida "",""value"":""15.5 J"",""sortOrder"":1},{""label"":""Distancia máxima (1hilo)"",""value"":""Hasta 140 km"",""sortOrder"":2},{""label"":""Tecnología "",""value"":""Serie i"",""sortOrder"":3}]","[{""priceList"":""minorista"",""currency"":""USD"",""netPrice"":1932.2,""taxRate"":10.5}]","[{""type"":""manual"",""url"":""https://shop.am.gallagher.com/medias/MBS1800i-MBS2800i-Energizer-User-Manual-INT?context=bWFzdGVyfHN1cHBvcnR8NjY3MTk3MHxhcHBsaWNhdGlvbi9wZGZ8YUROaUwyZzJNaTh4TkRnMk56UTNOakkxTURZMU5DOU5RbE14T0RBd2FTQk5RbE15T0RBd2FTQkZibVZ5WjJsNlpYSWdWWE5sY2lCTllXNTFZV3dnU1U1VXw0YzFlOGY1MTA4NWE2ZmIxZDU4NTY1YmUzOThlMWY2NjJiYzc1ZTkxZjllMWYxMDYxMTAwZjA3OTcyZTY2NmQ3""}]"
G32110,Electrificador MBS 6500i,GALLAGHER,Electrificación Energizadores,Energizador inteligente de alta potencia para campos grandes.,"El MBS 6500i pertenece a la Serie i y combina alta potencia con monitoreo avanzado del cerco. Permite detectar fallas y mantener control constante del rendimiento eléctrico.

Ideal para establecimientos medianos y grandes que requieren potencia sostenida en múltiples subdivisiones.",2440.41,USD,true,false,[],"[{""label"":""Modelo"",""value"":""MBS 6500i"",""sortOrder"":0},{""label"":""Energía almacenada"",""value"":""65 J"",""sortOrder"":1},{""label"":""Energía de salida "",""value"":""49 J"",""sortOrder"":2},{""label"":""Distancia máxima (1 hilo) "",""value"":""Hasta 320 km"",""sortOrder"":3},{""label"":""Tecnología "",""value"":""Serie i"",""sortOrder"":4},{""label"":""Uso recomendado"",""value"":""Campos grandes "",""sortOrder"":5}]","[{""priceList"":""minorista"",""currency"":""USD"",""netPrice"":3172.53,""taxRate"":10.5}]","[{""type"":""manual"",""url"":""https://shop.am.gallagher.com/medias/i-Series-Fence-Energizer-User-Manual-INT?context=bWFzdGVyfHN1cHBvcnR8MTE3OTU0NjF8YXBwbGljYXRpb24vcGRmfGFEazVMMmcwWkM4eE5EZ3lOREV5T1RFd01UZzFOQzlwSUZObGNtbGxjeUJHWlc1alpTQkZibVZ5WjJsNlpYSWdWWE5sY2lCTllXNTFZV3dnU1U1VXxkMjkzMTdhMGYyMDNhYjQ1YjQ5YTM2YWZkMDJmNzhlYmE4NzM4YmNkYjQ2MDc3NmZiMjIxODA4YWIyOTdmYTZk""}]"
G34630,Gallagher Electrificador Solar S100,GALLAGHER,Electrificación Energizadores,Energizador Gallagher S100 para cerco eléctrico,"El S100 es un energizador solar de mayor capacidad, diseñado para cercos más largos o con mayor carga vegetal. Combina panel solar y batería para operación autónoma.",533.33,USD,true,false,[],"[{""label"":""Energía almacenada"",""value"":""1 J"",""sortOrder"":0}]","[{""priceList"":""minorista"",""currency"":""USD"",""netPrice"":693.33,""taxRate"":10.5}]",[]
G34901,Electrificador Solar Litio S12,GALLAGHER,Electrificación Energizadores,Energizador solar portátil con batería de litio.,"El S12 es un energizador solar compacto con batería de litio integrada. Está diseñado para cercos móviles o pequeños potreros donde no se dispone de red eléctrica.

Su bajo consumo y autonomía lo hacen ideal para sistemas temporales o manejo rotativo.",230.64,USD,true,false,[],"[{""label"":""Energía de salida"",""value"":""0.12 J"",""sortOrder"":0},{""label"":""Alimentación "",""value"":""Solar con batería de litio integrada"",""sortOrder"":1},{""label"":""Uso recomendado"",""value"":""Cercos móviles"",""sortOrder"":2}]","[{""priceList"":""minorista"",""currency"":""USD"",""netPrice"":299.84,""taxRate"":10.5}]","[{""type"":""manual"",""url"":""https://shop.am.gallagher.com/medias/Lithium-Solar-S6-S12-User-Guide-Online?context=bWFzdGVyfHN1cHBvcnR8Mjk0NDU3OHxhcHBsaWNhdGlvbi9wZGZ8YURkbEwyZ3hNQzh4TlRBeU9UZzRNRFUxTXpVd01pOU1hWFJvYVhWdElGTnZiR0Z5SUZNMklGTXhNaUJWYzJWeUlFZDFhV1JsSUU5dWJHbHVaUXxmYmY2YWRmZmE3OTFlYmEwYjQ5NTU1ODhjMjcyYjYxM2EzZDg4MjlhZWI1MjQ1ZDQ2OTZlYWJjNzI1NDVkZTAw""}]"
G35130,Gallagher Electrificador Solar Litio S60,GALLAGHER,Electrificación Energizadores,Energizador Gallagher S60 para cerco eléctrico,"El S60 ofrece mayor potencia dentro de la línea solar con batería de litio. Permite alimentar cercos de mediana longitud manteniendo autonomía energética.

Es ideal para manejo rotativo o zonas alejadas sin acceso a red eléctrica.",409,USD,true,false,[],"[{""label"":""Energía Almacenada"",""value"":""0.6 J"",""sortOrder"":0},{""label"":""Alimentación"",""value"":""Solar litio"",""sortOrder"":1}]","[{""priceList"":""minorista"",""currency"":""USD"",""netPrice"":531.71,""taxRate"":10.5}]",[]
G35311,Electrificador B11,GALLAGHER,Electrificación Energizadores,Energizador portátil a batería para pequeños cercos.,"El B11 es un energizador portátil a batería diseñado para cercos temporales o pequeños potreros. Compacto y fácil de transportar, es ideal para manejo rotativo.",49.38,USD,true,false,"[{""url"":""https://res.cloudinary.com/dqcb3hmi3/image/upload/v1772564759/ifedel/products/G35311/rzrwiillhaf0yomidtmp.jpg"",""isPrimary"":true,""sortOrder"":0}]","[{""label"":""Energía almacenada"",""value"":""0.11 J"",""sortOrder"":0},{""label"":""Alimentación "",""value"":""Batería "",""sortOrder"":1},{""label"":""Uso "",""value"":""Cercos temporales"",""sortOrder"":2}]","[{""priceList"":""minorista"",""currency"":""USD"",""netPrice"":64.19,""taxRate"":10.5}]",[]
G36030,Gallagher Electrificador Solar S200,GALLAGHER,Electrificación Energizadores,Energizador Gallagher S200 para cerco eléctrico,El S200 es un energizador solar de alto rendimiento para sistemas autónomos. Ofrece potencia adecuada para subdivisiones amplias sin conexión a red.,934.76,USD,true,false,[],"[{""label"":""Energía almacenada"",""value"":""2 J"",""sortOrder"":0}]","[{""priceList"":""minorista"",""currency"":""USD"",""netPrice"":1215.18,""taxRate"":10.5}]",[]
G36130,Gallagher Electrificador Solar S400,GALLAGHER,Electrificación Energizadores,Energizador Gallagher S400 para cerco eléctrico,El S400 es el modelo solar de mayor potencia dentro de la línea portátil Gallagher. Ideal para sistemas de gran extensión donde no se dispone de red eléctrica.,1215.52,USD,true,false,[],"[{""label"":""Energía almacenada"",""value"":""4 J"",""sortOrder"":0}]","[{""priceList"":""minorista"",""currency"":""USD"",""netPrice"":1580.17,""taxRate"":10.5}]",[]
G37913,Electrificador M12000i,GALLAGHER,Electrificación Energizadores,Energizador inteligente de máxima potencia para grandes extensiones.,"El M12000i es el energizador más potente de la línea Gallagher Serie i. Diseñado para establecimientos de gran escala, puede alimentar cercos de muy larga distancia y múltiples líneas simultáneamente, incluso en condiciones exigentes de vegetación o humedad.

Incorpora monitoreo inteligente del cerco, permitiendo detectar fallas, pérdidas de energía y rendimiento en tiempo real. Es ideal para productores que necesitan máxima seguridad perimetral y control total del sistema eléctrico.",3929.06,USD,true,false,[],"[{""label"":""Modelo "",""value"":""M12000i"",""sortOrder"":0},{""label"":""Energía almacenada "",""value"":""120 J"",""sortOrder"":1},{""label"":""Energía de salida "",""value"":""84 J"",""sortOrder"":2},{""label"":""Distancia máxima (1 hilo) "",""value"":""Hasta 720 km"",""sortOrder"":3},{""label"":""Tecnología "",""value"":""Serie i (monitoreo inteligente)"",""sortOrder"":4},{""label"":""Uso recomendado "",""value"":""Establecimientos de gran escala"",""sortOrder"":5}]","[{""priceList"":""minorista"",""currency"":""USD"",""netPrice"":5107.78,""taxRate"":10.5}]","[{""type"":""manual"",""url"":""https://shop.am.gallagher.com/medias/M6000i-M12000i-Mains-Energizer-User-Manual?context=bWFzdGVyfHN1cHBvcnR8Mjk0NDg3OXxhcHBsaWNhdGlvbi9wZGZ8YUdZd0wyZzRNUzh4TlRVeU9ESXlOVEEwTmpVMU9DOU5OakF3TUdrdlRURXlNREF3YVNCTllXbHVjeUJGYm1WeVoybDZaWElnVlhObGNpQk5ZVzUxWVd3fDc0Mzc3MWExMWYxZTM1MmM4ODYxYjQ1NzMyNTBhMjExY2I3MGE3NTBiOGVlNjcyZTRlYWU1MGY5ZWNiZDc0YWY""}]"
G38901,Gallagher Electrificador MBS 200,GALLAGHER,Electrificación Energizadores,Energizador compacto para pequeñas extensiones,El MBS 200 es un energizador compacto ideal para cercos pequeños o subdivisiones internas de baja demanda. Su bajo consumo y tamaño reducido lo convierten en una opción práctica para aplicaciones específicas.,383.67,USD,true,false,[],"[{""label"":""Energía almacenada"",""value"":""2 J"",""sortOrder"":0},{""label"":""Energía de salida"",""value"":""1.3 J"",""sortOrder"":1},{""label"":""Distancia máxima"",""value"":""hasta 15 km"",""sortOrder"":2}]","[{""priceList"":""minorista"",""currency"":""USD"",""netPrice"":498.77,""taxRate"":10.5}]","[{""type"":""manual"",""url"":""https://shop.am.gallagher.com/medias/MBS-Multi-Power-Fence-Energizers-User-Manual-INT?context=bWFzdGVyfHN1cHBvcnR8NTA4Nzc0MnxhcHBsaWNhdGlvbi9wZGZ8YURKakwyaGpNaTh4TkRBME1qVTVNamd6TnpZMk1pOU5RbE1nVFhWc2RHa3RVRzkzWlhJZ1JtVnVZMlVnUlc1bGNtZHBlbVZ5Y3lCVmMyVnlJRTFoYm5WaGJDQkpUbFF8MjcxYjM1NjVmODU3YTZmNjQ1Mjc2ZTg2MGE4NThlNTc3MzFkODYwZDFkNmYwNjUyOWNiMzA3ZmMwYzQ3Y2YwNQ""}]"
G39000,Electrificador MBS 400,GALLAGHER,Electrificación Energizadores,Energizador para subdivisiones y campos pequeños ,"El MBS 400 está pensado para subdivisiones internas o campos pequeños. Brinda potencia adecuada para cercos cortos y manejo diario de potreros.

Es simple, confiable y de bajo mantenimiento.",459.83,USD,true,false,[],"[{""label"":""Energía almacenada"",""value"":""4 J"",""sortOrder"":0},{""label"":""Energía de salida"",""value"":""2.7 J"",""sortOrder"":1},{""label"":""Distancia máxima "",""value"":""Hasta 30 km"",""sortOrder"":2}]","[{""priceList"":""minorista"",""currency"":""USD"",""netPrice"":597.78,""taxRate"":10.5}]","[{""type"":""manual"",""url"":""https://shop.am.gallagher.com/medias/MBS-Multi-Power-Fence-Energizers-User-Manual-INT?context=bWFzdGVyfHN1cHBvcnR8NTA4Nzc0MnxhcHBsaWNhdGlvbi9wZGZ8YURKakwyaGpNaTh4TkRBME1qVTVNamd6TnpZMk1pOU5RbE1nVFhWc2RHa3RVRzkzWlhJZ1JtVnVZMlVnUlc1bGNtZHBlbVZ5Y3lCVmMyVnlJRTFoYm5WaGJDQkpUbFF8MjcxYjM1NjVmODU3YTZmNjQ1Mjc2ZTg2MGE4NThlNTc3MzFkODYwZDFkNmYwNjUyOWNiMzA3ZmMwYzQ3Y2YwNQ""}]"
G39001,Electrificador MBS 800,GALLAGHER,Electrificación Energizadores,Energizador potente para campos medianos.,"El MBS 800 es un energizador robusto diseñado para establecimientos medianos. Ofrece buena potencia de salida y confiabilidad en condiciones normales de carga vegetal.

Es una solución eficiente para quienes buscan rendimiento sólido sin necesidad de monitoreo inteligente avanzado.",541.91,USD,true,false,[],"[{""label"":""Energía almacenada"",""value"":""8 J "",""sortOrder"":0},{""label"":""Energía de salida"",""value"":""6 J"",""sortOrder"":1},{""label"":""Distancia maxima "",""value"":""hasta 45 km"",""sortOrder"":2}]","[{""priceList"":""minorista"",""currency"":""USD"",""netPrice"":704.49,""taxRate"":10.5}]","[{""type"":""manual"",""url"":""https://shop.am.gallagher.com/medias/MBS-Multi-Power-Fence-Energizers-User-Manual-INT?context=bWFzdGVyfHN1cHBvcnR8NTA4Nzc0MnxhcHBsaWNhdGlvbi9wZGZ8YURKakwyaGpNaTh4TkRBME1qVTVNamd6TnpZMk1pOU5RbE1nVFhWc2RHa3RVRzkzWlhJZ1JtVnVZMlVnUlc1bGNtZHBlbVZ5Y3lCVmMyVnlJRTFoYm5WaGJDQkpUbFF8MjcxYjM1NjVmODU3YTZmNjQ1Mjc2ZTg2MGE4NThlNTc3MzFkODYwZDFkNmYwNjUyOWNiMzA3ZmMwYzQ3Y2YwNQ""}]"
G50301,Gallagher Tester Voltimetro Digital DVM3,GALLAGHER,Electrificación Accesorios,Accesorio para cerco eléctrico Gallagher,"Gallagher Tester Voltimetro Digital DVM3. Accesorio para cerco eléctrico diseñado para una instalación prolija y durable. Contribuye a la correcta conducción, sujeción o conexión según el componente, manteniendo la eficiencia del sistema. Código/SKU: G50301.",118.75,USD,true,false,[],"[{""label"":""Código"",""value"":""G50301"",""sortOrder"":1},{""label"":""Marca"",""value"":""Gallagher"",""sortOrder"":2},{""label"":""Categoría"",""value"":""Electrificación Accesorios"",""sortOrder"":3}]","[{""priceList"":""minorista"",""currency"":""USD"",""netPrice"":154.38,""taxRate"":10.5}]",[]
G50700,Gallagher Control Remoto Serie i,GALLAGHER,Electrificación Accesorios Serie i,Accesorio para cerco eléctrico Gallagher,"Gallagher Control Remoto Serie i. Accesorio para cerco eléctrico diseñado para una instalación prolija y durable. Contribuye a la correcta conducción, sujeción o conexión según el componente, manteniendo la eficiencia del sistema. Código/SKU: G50700.",354.59,USD,true,false,[],"[{""label"":""Código"",""value"":""G50700"",""sortOrder"":1},{""label"":""Marca"",""value"":""Gallagher"",""sortOrder"":2},{""label"":""Categoría"",""value"":""Electrificación Accesorios Serie i"",""sortOrder"":3}]","[{""priceList"":""minorista"",""currency"":""USD"",""netPrice"":460.97,""taxRate"":10.5}]",[]
G50905,Gallagher Tester Localizador de fallas Smartfix Int.,GALLAGHER,Electrificación Accesorios,Accesorio para cerco eléctrico Gallagher,"Gallagher Tester Localizador de fallas Smartfix Int.. Accesorio para cerco eléctrico diseñado para una instalación prolija y durable. Contribuye a la correcta conducción, sujeción o conexión según el componente, manteniendo la eficiencia del sistema. Código/SKU: G50905.",133.71,USD,true,false,[],"[{""label"":""Código"",""value"":""G50905"",""sortOrder"":1},{""label"":""Marca"",""value"":""Gallagher"",""sortOrder"":2},{""label"":""Categoría"",""value"":""Electrificación Accesorios"",""sortOrder"":3}]","[{""priceList"":""minorista"",""currency"":""USD"",""netPrice"":167.14,""taxRate"":10.5}]",[]
G51000,Gallagher Monitor de cercos Serie i,GALLAGHER,Electrificación Accesorios Serie i,Accesorio para cerco eléctrico Gallagher,"Gallagher Monitor de cercos Serie i. Accesorio para cerco eléctrico diseñado para una instalación prolija y durable. Contribuye a la correcta conducción, sujeción o conexión según el componente, manteniendo la eficiencia del sistema. Código/SKU: G51000.",365.02,USD,true,false,[],"[{""label"":""Código"",""value"":""G51000"",""sortOrder"":1},{""label"":""Marca"",""value"":""Gallagher"",""sortOrder"":2},{""label"":""Categoría"",""value"":""Electrificación Accesorios Serie i"",""sortOrder"":3}]","[{""priceList"":""minorista"",""currency"":""USD"",""netPrice"":474.53,""taxRate"":10.5}]",[]
G56703,Gallagher APP Gateway BT WIFI (NUEVO) Serie i,GALLAGHER,Electrificación Accesorios Serie i,Accesorio para cerco eléctrico Gallagher,"Gallagher APP Gateway BT WIFI (NUEVO) Serie i. Accesorio para cerco eléctrico diseñado para una instalación prolija y durable. Contribuye a la correcta conducción, sujeción o conexión según el componente, manteniendo la eficiencia del sistema. Código/SKU: G56703.",259.55,USD,true,false,[],"[{""label"":""Código"",""value"":""G56703"",""sortOrder"":1},{""label"":""Marca"",""value"":""Gallagher"",""sortOrder"":2},{""label"":""Categoría"",""value"":""Electrificación Accesorios Serie i"",""sortOrder"":3}]","[{""priceList"":""minorista"",""currency"":""USD"",""netPrice"":337.42,""taxRate"":21}]",[]
G60355,Gallagher Abrazadera junta hexagonal Pack 25 Unidades,GALLAGHER,Electrificación Accesorios,Accesorio para cerco eléctrico Gallagher,"Gallagher Abrazadera junta hexagonal Pack 25 Unidades. Accesorio para cerco eléctrico diseñado para una instalación prolija y durable. Contribuye a la correcta conducción, sujeción o conexión según el componente, manteniendo la eficiencia del sistema. Código/SKU: G60355.",24.49,USD,true,false,[],"[{""label"":""Código"",""value"":""G60355"",""sortOrder"":1},{""label"":""Marca"",""value"":""Gallagher"",""sortOrder"":2},{""label"":""Modelo"",""value"":""25"",""sortOrder"":3},{""label"":""Categoría"",""value"":""Electrificación Accesorios"",""sortOrder"":4}]","[{""priceList"":""minorista"",""currency"":""USD"",""netPrice"":31.84,""taxRate"":21}]",[]
G60630,Gallagher Manija plastica Insul-Grip Pack 30,GALLAGHER,Electrificación Accesorios,Accesorio para cerco eléctrico Gallagher,"Gallagher Manija plastica Insul-Grip Pack 30. Accesorio para cerco eléctrico diseñado para una instalación prolija y durable. Contribuye a la correcta conducción, sujeción o conexión según el componente, manteniendo la eficiencia del sistema. Código/SKU: G60630.",76.52,USD,true,false,[],"[{""label"":""Código"",""value"":""G60630"",""sortOrder"":1},{""label"":""Marca"",""value"":""Gallagher"",""sortOrder"":2},{""label"":""Modelo"",""value"":""30"",""sortOrder"":3},{""label"":""Categoría"",""value"":""Electrificación Accesorios"",""sortOrder"":4}]","[{""priceList"":""minorista"",""currency"":""USD"",""netPrice"":99.47,""taxRate"":21}]",[]
G60770,Gallagher Llave de corte cuchillo,GALLAGHER,Electrificación Accesorios,Accesorio para cerco eléctrico Gallagher,"Gallagher Llave de corte cuchillo. Accesorio para cerco eléctrico diseñado para una instalación prolija y durable. Contribuye a la correcta conducción, sujeción o conexión según el componente, manteniendo la eficiencia del sistema. Código/SKU: G60770.",20.28,USD,true,false,[],"[{""label"":""Código"",""value"":""G60770"",""sortOrder"":1},{""label"":""Marca"",""value"":""Gallagher"",""sortOrder"":2},{""label"":""Categoría"",""value"":""Electrificación Accesorios"",""sortOrder"":3}]","[{""priceList"":""minorista"",""currency"":""USD"",""netPrice"":26.36,""taxRate"":21}]",[]
G61150,Gallagher Carretel vacio con engranajes 3:1 (capacidad 500 mts),GALLAGHER,Electrificación Accesorios,Accesorio para cerco eléctrico Gallagher,"Gallagher Carretel vacio con engranajes 3:1 (capacidad 500 mts). Accesorio para cerco eléctrico diseñado para una instalación prolija y durable. Contribuye a la correcta conducción, sujeción o conexión según el componente, manteniendo la eficiencia del sistema. Código/SKU: G61150.",106.76,USD,true,false,[],"[{""label"":""Código"",""value"":""G61150"",""sortOrder"":1},{""label"":""Marca"",""value"":""Gallagher"",""sortOrder"":2},{""label"":""Modelo"",""value"":""500"",""sortOrder"":3},{""label"":""Categoría"",""value"":""Electrificación Accesorios"",""sortOrder"":4}]","[{""priceList"":""minorista"",""currency"":""USD"",""netPrice"":138.79,""taxRate"":21}]",[]
G62702,"Gallagher Cable duro, doble aislacion de 2,5 mm. x 50 mts",GALLAGHER,Electrificación Accesorios,Accesorio para cerco eléctrico Gallagher,"Gallagher Cable duro, doble aislacion de 2,5 mm. x 50 mts. Accesorio para cerco eléctrico diseñado para una instalación prolija y durable. Contribuye a la correcta conducción, sujeción o conexión según el componente, manteniendo la eficiencia del sistema. Código/SKU: G62702.",80.2,USD,true,false,[],"[{""label"":""Código"",""value"":""G62702"",""sortOrder"":1},{""label"":""Marca"",""value"":""Gallagher"",""sortOrder"":2},{""label"":""Modelo"",""value"":""50"",""sortOrder"":3},{""label"":""Categoría"",""value"":""Electrificación Accesorios"",""sortOrder"":4}]","[{""priceList"":""minorista"",""currency"":""USD"",""netPrice"":104.26,""taxRate"":21}]",[]
G62703,"Gallagher Cable duro, doble aislacion de 2,5 mm x 100 mts",GALLAGHER,Electrificación Accesorios,Accesorio para cerco eléctrico Gallagher,"Gallagher Cable duro, doble aislacion de 2,5 mm x 100 mts. Accesorio para cerco eléctrico diseñado para una instalación prolija y durable. Contribuye a la correcta conducción, sujeción o conexión según el componente, manteniendo la eficiencia del sistema. Código/SKU: G62703.",160.37,USD,true,false,[],"[{""label"":""Código"",""value"":""G62703"",""sortOrder"":1},{""label"":""Marca"",""value"":""Gallagher"",""sortOrder"":2},{""label"":""Modelo"",""value"":""100"",""sortOrder"":3},{""label"":""Categoría"",""value"":""Electrificación Accesorios"",""sortOrder"":4}]","[{""priceList"":""minorista"",""currency"":""USD"",""netPrice"":208.48,""taxRate"":21}]",[]
G62930,Gallagher Manijon de compresion aislado con resorte,GALLAGHER,Electrificación Accesorios,Accesorio para cerco eléctrico Gallagher,"Gallagher Manijon de compresion aislado con resorte. Accesorio para cerco eléctrico diseñado para una instalación prolija y durable. Contribuye a la correcta conducción, sujeción o conexión según el componente, manteniendo la eficiencia del sistema. Código/SKU: G62930.",2.77,USD,true,false,[],"[{""label"":""Código"",""value"":""G62930"",""sortOrder"":1},{""label"":""Marca"",""value"":""Gallagher"",""sortOrder"":2},{""label"":""Categoría"",""value"":""Electrificación Accesorios"",""sortOrder"":3}]","[{""priceList"":""minorista"",""currency"":""USD"",""netPrice"":3.59,""taxRate"":21}]",[]
G62952,Gallagher Manijon de compresion aislado con resorte azul Pk 6,GALLAGHER,Electrificación Accesorios,Accesorio para cerco eléctrico Gallagher,"Gallagher Manijon de compresion aislado con resorte azul Pk 6. Accesorio para cerco eléctrico diseñado para una instalación prolija y durable. Contribuye a la correcta conducción, sujeción o conexión según el componente, manteniendo la eficiencia del sistema. Código/SKU: G62952.",15.8,USD,true,false,[],"[{""label"":""Código"",""value"":""G62952"",""sortOrder"":1},{""label"":""Marca"",""value"":""Gallagher"",""sortOrder"":2},{""label"":""Categoría"",""value"":""Electrificación Accesorios"",""sortOrder"":3}]","[{""priceList"":""minorista"",""currency"":""USD"",""netPrice"":20.54,""taxRate"":21}]",[]
G63705,Gallagher Varilla Multiposición x 50 unidades,GALLAGHER,Electrificación Accesorios,Accesorio para cerco eléctrico Gallagher,"Gallagher Varilla Multiposición x 50 unidades. Accesorio para cerco eléctrico diseñado para una instalación prolija y durable. Contribuye a la correcta conducción, sujeción o conexión según el componente, manteniendo la eficiencia del sistema. Código/SKU: G63705.",248.26,USD,true,false,[],"[{""label"":""Código"",""value"":""G63705"",""sortOrder"":1},{""label"":""Marca"",""value"":""Gallagher"",""sortOrder"":2},{""label"":""Modelo"",""value"":""50"",""sortOrder"":3},{""label"":""Categoría"",""value"":""Electrificación Accesorios"",""sortOrder"":4}]","[{""priceList"":""minorista"",""currency"":""USD"",""netPrice"":310.32,""taxRate"":21}]",[]
G63800,Gallagher TumbleWheel Pk5,GALLAGHER,Electrificación Accesorios,Accesorio para cerco eléctrico Gallagher,"Gallagher TumbleWheel Pk5. Accesorio para cerco eléctrico diseñado para una instalación prolija y durable. Contribuye a la correcta conducción, sujeción o conexión según el componente, manteniendo la eficiencia del sistema. Código/SKU: G63800.",587.21,USD,true,false,[],"[{""label"":""Código"",""value"":""G63800"",""sortOrder"":1},{""label"":""Marca"",""value"":""Gallagher"",""sortOrder"":2},{""label"":""Categoría"",""value"":""Electrificación Accesorios"",""sortOrder"":3}]","[{""priceList"":""minorista"",""currency"":""USD"",""netPrice"":734.01,""taxRate"":21}]",[]
G63930,Gallagher Manija de trabajo pesado Pack 20,GALLAGHER,Electrificación Accesorios,Accesorio para cerco eléctrico Gallagher,"Gallagher Manija de trabajo pesado Pack 20. Accesorio para cerco eléctrico diseñado para una instalación prolija y durable. Contribuye a la correcta conducción, sujeción o conexión según el componente, manteniendo la eficiencia del sistema. Código/SKU: G63930.",143.15,USD,true,false,[],"[{""label"":""Código"",""value"":""G63930"",""sortOrder"":1},{""label"":""Marca"",""value"":""Gallagher"",""sortOrder"":2},{""label"":""Modelo"",""value"":""20"",""sortOrder"":3},{""label"":""Categoría"",""value"":""Electrificación Accesorios"",""sortOrder"":4}]","[{""priceList"":""minorista"",""currency"":""USD"",""netPrice"":186.1,""taxRate"":21}]",[]
G64100,Gallagher Kit puerta cinta,GALLAGHER,Electrificación Accesorios,Accesorio para cerco eléctrico Gallagher,"Gallagher Kit puerta cinta. Accesorio para cerco eléctrico diseñado para una instalación prolija y durable. Contribuye a la correcta conducción, sujeción o conexión según el componente, manteniendo la eficiencia del sistema. Código/SKU: G64100.",33.57,USD,true,false,[],"[{""label"":""Código"",""value"":""G64100"",""sortOrder"":1},{""label"":""Marca"",""value"":""Gallagher"",""sortOrder"":2},{""label"":""Categoría"",""value"":""Electrificación Accesorios"",""sortOrder"":3}]","[{""priceList"":""minorista"",""currency"":""USD"",""netPrice"":43.64,""taxRate"":21}]",[]
G64304,Gallagher Tensor redondo de alambres permanantes x 25 unid,GALLAGHER,Electrificación Accesorios,Accesorio para cerco eléctrico Gallagher,"Gallagher Tensor redondo de alambres permanantes x 25 unid. Accesorio para cerco eléctrico diseñado para una instalación prolija y durable. Contribuye a la correcta conducción, sujeción o conexión según el componente, manteniendo la eficiencia del sistema. Código/SKU: G64304.",88.97,USD,true,false,[],"[{""label"":""Código"",""value"":""G64304"",""sortOrder"":1},{""label"":""Marca"",""value"":""Gallagher"",""sortOrder"":2},{""label"":""Modelo"",""value"":""25"",""sortOrder"":3},{""label"":""Categoría"",""value"":""Electrificación Accesorios"",""sortOrder"":4}]","[{""priceList"":""minorista"",""currency"":""USD"",""netPrice"":115.66,""taxRate"":21}]",[]
G64912,Gallagher Anclaje de 3 guias (para manijas de tranqueras),GALLAGHER,Electrificación Accesorios,Accesorio para cerco eléctrico Gallagher,"Gallagher Anclaje de 3 guias (para manijas de tranqueras). Accesorio para cerco eléctrico diseñado para una instalación prolija y durable. Contribuye a la correcta conducción, sujeción o conexión según el componente, manteniendo la eficiencia del sistema. Código/SKU: G64912.",24.19,USD,true,false,[],"[{""label"":""Código"",""value"":""G64912"",""sortOrder"":1},{""label"":""Marca"",""value"":""Gallagher"",""sortOrder"":2},{""label"":""Categoría"",""value"":""Electrificación Accesorios"",""sortOrder"":3}]","[{""priceList"":""minorista"",""currency"":""USD"",""netPrice"":31.45,""taxRate"":21}]",[]
G66604,Gallagher Aislador a rosca (anillo negro) Pack 25 unidades,GALLAGHER,Electrificación Accesorios,Accesorio para cerco eléctrico Gallagher,"Gallagher Aislador a rosca (anillo negro) Pack 25 unidades. Accesorio para cerco eléctrico diseñado para una instalación prolija y durable. Contribuye a la correcta conducción, sujeción o conexión según el componente, manteniendo la eficiencia del sistema. Código/SKU: G66604.",17.64,USD,true,false,[],"[{""label"":""Código"",""value"":""G66604"",""sortOrder"":1},{""label"":""Marca"",""value"":""Gallagher"",""sortOrder"":2},{""label"":""Modelo"",""value"":""25"",""sortOrder"":3},{""label"":""Categoría"",""value"":""Electrificación Accesorios"",""sortOrder"":4}]","[{""priceList"":""minorista"",""currency"":""USD"",""netPrice"":22.94,""taxRate"":21}]",[]
G67304,Gallagher Aislador Gancho W Poste de Madera PK 25,GALLAGHER,Electrificación Accesorios,Accesorio para cerco eléctrico Gallagher,"Gallagher Aislador Gancho W Poste de Madera PK 25. Accesorio para cerco eléctrico diseñado para una instalación prolija y durable. Contribuye a la correcta conducción, sujeción o conexión según el componente, manteniendo la eficiencia del sistema. Código/SKU: G67304.",10.55,USD,true,false,[],"[{""label"":""Código"",""value"":""G67304"",""sortOrder"":1},{""label"":""Marca"",""value"":""Gallagher"",""sortOrder"":2},{""label"":""Modelo"",""value"":""25"",""sortOrder"":3},{""label"":""Categoría"",""value"":""Electrificación Accesorios"",""sortOrder"":4}]","[{""priceList"":""minorista"",""currency"":""USD"",""netPrice"":13.72,""taxRate"":21}]",[]
G67309,Gallagher Aislador Gancho W Poste de Madera PK 1000,GALLAGHER,Electrificación Accesorios,Accesorio para cerco eléctrico Gallagher,"Gallagher Aislador Gancho W Poste de Madera PK 1000. Accesorio para cerco eléctrico diseñado para una instalación prolija y durable. Contribuye a la correcta conducción, sujeción o conexión según el componente, manteniendo la eficiencia del sistema. Código/SKU: G67309.",226.77,USD,true,false,[],"[{""label"":""Código"",""value"":""G67309"",""sortOrder"":1},{""label"":""Marca"",""value"":""Gallagher"",""sortOrder"":2},{""label"":""Modelo"",""value"":""1000"",""sortOrder"":3},{""label"":""Categoría"",""value"":""Electrificación Accesorios"",""sortOrder"":4}]","[{""priceList"":""minorista"",""currency"":""USD"",""netPrice"":294.8,""taxRate"":21}]",[]
G67704,Gallagher Aislador S terminal esquinero Pack 25 unidades,GALLAGHER,Electrificación Accesorios,Accesorio para cerco eléctrico Gallagher,"Gallagher Aislador S terminal esquinero Pack 25 unidades. Accesorio para cerco eléctrico diseñado para una instalación prolija y durable. Contribuye a la correcta conducción, sujeción o conexión según el componente, manteniendo la eficiencia del sistema. Código/SKU: G67704.",19.59,USD,true,false,[],"[{""label"":""Código"",""value"":""G67704"",""sortOrder"":1},{""label"":""Marca"",""value"":""Gallagher"",""sortOrder"":2},{""label"":""Modelo"",""value"":""25"",""sortOrder"":3},{""label"":""Categoría"",""value"":""Electrificación Accesorios"",""sortOrder"":4}]","[{""priceList"":""minorista"",""currency"":""USD"",""netPrice"":25.46,""taxRate"":21}]",[]
G67814,Gallagher Aislador terminal blanco Alta Tension Pack 25 unidades,GALLAGHER,Electrificación Accesorios,Accesorio para cerco eléctrico Gallagher,"Gallagher Aislador terminal blanco Alta Tension Pack 25 unidades. Accesorio para cerco eléctrico diseñado para una instalación prolija y durable. Contribuye a la correcta conducción, sujeción o conexión según el componente, manteniendo la eficiencia del sistema. Código/SKU: G67814.",48.67,USD,true,false,[],"[{""label"":""Código"",""value"":""G67814"",""sortOrder"":1},{""label"":""Marca"",""value"":""Gallagher"",""sortOrder"":2},{""label"":""Modelo"",""value"":""25"",""sortOrder"":3},{""label"":""Categoría"",""value"":""Electrificación Accesorios"",""sortOrder"":4}]","[{""priceList"":""minorista"",""currency"":""USD"",""netPrice"":60.84,""taxRate"":21}]",[]
G67817,Gallagher Aislador terminal blanco Alta Tension Pack 150 unidades,GALLAGHER,Electrificación Accesorios,Accesorio para cerco eléctrico Gallagher,"Gallagher Aislador terminal blanco Alta Tension Pack 150 unidades. Accesorio para cerco eléctrico diseñado para una instalación prolija y durable. Contribuye a la correcta conducción, sujeción o conexión según el componente, manteniendo la eficiencia del sistema. Código/SKU: G67817.",275.99,USD,true,false,[],"[{""label"":""Código"",""value"":""G67817"",""sortOrder"":1},{""label"":""Marca"",""value"":""Gallagher"",""sortOrder"":2},{""label"":""Modelo"",""value"":""150"",""sortOrder"":3},{""label"":""Categoría"",""value"":""Electrificación Accesorios"",""sortOrder"":4}]","[{""priceList"":""minorista"",""currency"":""USD"",""netPrice"":344.99,""taxRate"":21}]",[]
G68604,Gallagher Aislador Pinlock Steel Pack 25 unidades,GALLAGHER,Electrificación Accesorios,Accesorio para cerco eléctrico Gallagher,"Gallagher Aislador Pinlock Steel Pack 25 unidades. Accesorio para cerco eléctrico diseñado para una instalación prolija y durable. Contribuye a la correcta conducción, sujeción o conexión según el componente, manteniendo la eficiencia del sistema. Código/SKU: G68604.",17.74,USD,true,false,[],"[{""label"":""Código"",""value"":""G68604"",""sortOrder"":1},{""label"":""Marca"",""value"":""Gallagher"",""sortOrder"":2},{""label"":""Modelo"",""value"":""25"",""sortOrder"":3},{""label"":""Categoría"",""value"":""Electrificación Accesorios"",""sortOrder"":4}]","[{""priceList"":""minorista"",""currency"":""USD"",""netPrice"":23.06,""taxRate"":21}]",[]
G68704,Gallagher Aislador Pinlock Pack 25 unidades,GALLAGHER,Electrificación Accesorios,Accesorio para cerco eléctrico Gallagher,"Gallagher Aislador Pinlock Pack 25 unidades. Accesorio para cerco eléctrico diseñado para una instalación prolija y durable. Contribuye a la correcta conducción, sujeción o conexión según el componente, manteniendo la eficiencia del sistema. Código/SKU: G68704.",15.18,USD,true,false,[],"[{""label"":""Código"",""value"":""G68704"",""sortOrder"":1},{""label"":""Marca"",""value"":""Gallagher"",""sortOrder"":2},{""label"":""Modelo"",""value"":""25"",""sortOrder"":3},{""label"":""Categoría"",""value"":""Electrificación Accesorios"",""sortOrder"":4}]","[{""priceList"":""minorista"",""currency"":""USD"",""netPrice"":19.73,""taxRate"":21}]",[]
G68707,Gallagher Aislador Pinlock Pack 150 unidades,GALLAGHER,Electrificación Accesorios,Accesorio para cerco eléctrico Gallagher,"Gallagher Aislador Pinlock Pack 150 unidades. Accesorio para cerco eléctrico diseñado para una instalación prolija y durable. Contribuye a la correcta conducción, sujeción o conexión según el componente, manteniendo la eficiencia del sistema. Código/SKU: G68707.",78.32,USD,true,false,[],"[{""label"":""Código"",""value"":""G68707"",""sortOrder"":1},{""label"":""Marca"",""value"":""Gallagher"",""sortOrder"":2},{""label"":""Modelo"",""value"":""150"",""sortOrder"":3},{""label"":""Categoría"",""value"":""Electrificación Accesorios"",""sortOrder"":4}]","[{""priceList"":""minorista"",""currency"":""USD"",""netPrice"":101.82,""taxRate"":21}]",[]
G68709,Gallagher Aislador Pinlock WD Pack 650,GALLAGHER,Electrificación Accesorios,Accesorio para cerco eléctrico Gallagher,"Gallagher Aislador Pinlock WD Pack 650. Accesorio para cerco eléctrico diseñado para una instalación prolija y durable. Contribuye a la correcta conducción, sujeción o conexión según el componente, manteniendo la eficiencia del sistema. Código/SKU: G68709.",288.38,USD,true,false,[],"[{""label"":""Código"",""value"":""G68709"",""sortOrder"":1},{""label"":""Marca"",""value"":""Gallagher"",""sortOrder"":2},{""label"":""Modelo"",""value"":""650"",""sortOrder"":3},{""label"":""Categoría"",""value"":""Electrificación Accesorios"",""sortOrder"":4}]","[{""priceList"":""minorista"",""currency"":""USD"",""netPrice"":360.48,""taxRate"":21}]",[]
G70000,Gallagher Sistema de cerco portatil Smartfence,GALLAGHER,Electrificación Accesorios,Accesorio para cerco eléctrico Gallagher,"Gallagher Sistema de cerco portatil Smartfence. Accesorio para cerco eléctrico diseñado para una instalación prolija y durable. Contribuye a la correcta conducción, sujeción o conexión según el componente, manteniendo la eficiencia del sistema. Código/SKU: G70000.",580.42,USD,true,false,[],"[{""label"":""Código"",""value"":""G70000"",""sortOrder"":1},{""label"":""Marca"",""value"":""Gallagher"",""sortOrder"":2},{""label"":""Categoría"",""value"":""Electrificación Accesorios"",""sortOrder"":3}]","[{""priceList"":""minorista"",""currency"":""USD"",""netPrice"":725.52,""taxRate"":21}]",[]
G71100,Gallagher Puerta acceso vehiculos (KIT DE INSTALACIÓN),GALLAGHER,Electrificación Accesorios,Accesorio para cerco eléctrico Gallagher,"Gallagher Puerta acceso vehiculos (KIT DE INSTALACIÓN). Accesorio para cerco eléctrico diseñado para una instalación prolija y durable. Contribuye a la correcta conducción, sujeción o conexión según el componente, manteniendo la eficiencia del sistema. Código/SKU: G71100.",146.32,USD,true,false,[],"[{""label"":""Código"",""value"":""G71100"",""sortOrder"":1},{""label"":""Marca"",""value"":""Gallagher"",""sortOrder"":2},{""label"":""Categoría"",""value"":""Electrificación Accesorios"",""sortOrder"":3}]","[{""priceList"":""minorista"",""currency"":""USD"",""netPrice"":182.9,""taxRate"":21}]",[]
G71114,Gallagher Puerta acceso vehiculos 4.27 mts ancho,GALLAGHER,Electrificación Accesorios,Accesorio para cerco eléctrico Gallagher,"Gallagher Puerta acceso vehiculos 4.27 mts ancho. Accesorio para cerco eléctrico diseñado para una instalación prolija y durable. Contribuye a la correcta conducción, sujeción o conexión según el componente, manteniendo la eficiencia del sistema. Código/SKU: G71114.",138.25,USD,true,false,[],"[{""label"":""Código"",""value"":""G71114"",""sortOrder"":1},{""label"":""Marca"",""value"":""Gallagher"",""sortOrder"":2},{""label"":""Modelo"",""value"":""27"",""sortOrder"":3},{""label"":""Categoría"",""value"":""Electrificación Accesorios"",""sortOrder"":4}]","[{""priceList"":""minorista"",""currency"":""USD"",""netPrice"":179.73,""taxRate"":21}]",[]
G71116,Gallagher Puerta acceso vehiculos 4.88 mts ancho,GALLAGHER,Electrificación Accesorios,Accesorio para cerco eléctrico Gallagher,"Gallagher Puerta acceso vehiculos 4.88 mts ancho. Accesorio para cerco eléctrico diseñado para una instalación prolija y durable. Contribuye a la correcta conducción, sujeción o conexión según el componente, manteniendo la eficiencia del sistema. Código/SKU: G71116.",189.13,USD,true,false,[],"[{""label"":""Código"",""value"":""G71116"",""sortOrder"":1},{""label"":""Marca"",""value"":""Gallagher"",""sortOrder"":2},{""label"":""Modelo"",""value"":""88"",""sortOrder"":3},{""label"":""Categoría"",""value"":""Electrificación Accesorios"",""sortOrder"":4}]","[{""priceList"":""minorista"",""currency"":""USD"",""netPrice"":245.87,""taxRate"":21}]",[]
G71300,Gallagher Herramienta para aislador a rosca,GALLAGHER,Electrificación Accesorios,Accesorio para cerco eléctrico Gallagher,"Gallagher Herramienta para aislador a rosca. Accesorio para cerco eléctrico diseñado para una instalación prolija y durable. Contribuye a la correcta conducción, sujeción o conexión según el componente, manteniendo la eficiencia del sistema. Código/SKU: G71300.",12,USD,true,false,[],"[{""label"":""Código"",""value"":""G71300"",""sortOrder"":1},{""label"":""Marca"",""value"":""Gallagher"",""sortOrder"":2},{""label"":""Categoría"",""value"":""Electrificación Accesorios"",""sortOrder"":3}]","[{""priceList"":""minorista"",""currency"":""USD"",""netPrice"":15,""taxRate"":21}]",[]
G72313,Gallagher Estaca anillo pasador superior 850 mm 6 mm Pk10,GALLAGHER,Electrificación Accesorios,Accesorio para cerco eléctrico Gallagher,"Gallagher Estaca anillo pasador superior 850 mm 6 mm Pk10. Accesorio para cerco eléctrico diseñado para una instalación prolija y durable. Contribuye a la correcta conducción, sujeción o conexión según el componente, manteniendo la eficiencia del sistema. Código/SKU: G72313.",81.08,USD,true,false,[],"[{""label"":""Código"",""value"":""G72313"",""sortOrder"":1},{""label"":""Marca"",""value"":""Gallagher"",""sortOrder"":2},{""label"":""Modelo"",""value"":""850"",""sortOrder"":3},{""label"":""Categoría"",""value"":""Electrificación Accesorios"",""sortOrder"":4}]","[{""priceList"":""minorista"",""currency"":""USD"",""netPrice"":105.4,""taxRate"":21}]",[]
G73830,Gallagher Manija doble proposito Pack 20,GALLAGHER,Electrificación Accesorios,Accesorio para cerco eléctrico Gallagher,"Gallagher Manija doble proposito Pack 20. Accesorio para cerco eléctrico diseñado para una instalación prolija y durable. Contribuye a la correcta conducción, sujeción o conexión según el componente, manteniendo la eficiencia del sistema. Código/SKU: G73830.",124.43,USD,true,false,[],"[{""label"":""Código"",""value"":""G73830"",""sortOrder"":1},{""label"":""Marca"",""value"":""Gallagher"",""sortOrder"":2},{""label"":""Modelo"",""value"":""20"",""sortOrder"":3},{""label"":""Categoría"",""value"":""Electrificación Accesorios"",""sortOrder"":4}]","[{""priceList"":""minorista"",""currency"":""USD"",""netPrice"":161.76,""taxRate"":21}]",[]
G74233,Gallagher Poste de linea aislado 1500mm pk10,GALLAGHER,Electrificación Accesorios,Accesorio para cerco eléctrico Gallagher,"Gallagher Poste de linea aislado 1500mm pk10. Accesorio para cerco eléctrico diseñado para una instalación prolija y durable. Contribuye a la correcta conducción, sujeción o conexión según el componente, manteniendo la eficiencia del sistema. Código/SKU: G74233.",255.49,USD,true,false,[],"[{""label"":""Código"",""value"":""G74233"",""sortOrder"":1},{""label"":""Marca"",""value"":""Gallagher"",""sortOrder"":2},{""label"":""Categoría"",""value"":""Electrificación Accesorios"",""sortOrder"":3}]","[{""priceList"":""minorista"",""currency"":""USD"",""netPrice"":332.13,""taxRate"":21}]",[]
G74313,Gallagher Tensor con aislador con puente Pack 20 unidades,GALLAGHER,Electrificación Accesorios,Accesorio para cerco eléctrico Gallagher,"Gallagher Tensor con aislador con puente Pack 20 unidades. Accesorio para cerco eléctrico diseñado para una instalación prolija y durable. Contribuye a la correcta conducción, sujeción o conexión según el componente, manteniendo la eficiencia del sistema. Código/SKU: G74313.",168.09,USD,true,false,[],"[{""label"":""Código"",""value"":""G74313"",""sortOrder"":1},{""label"":""Marca"",""value"":""Gallagher"",""sortOrder"":2},{""label"":""Modelo"",""value"":""20"",""sortOrder"":3},{""label"":""Categoría"",""value"":""Electrificación Accesorios"",""sortOrder"":4}]","[{""priceList"":""minorista"",""currency"":""USD"",""netPrice"":218.51,""taxRate"":21}]",[]
G74430,Gallagher Clip para poste de linea aislado pk20,GALLAGHER,Electrificación Accesorios,Accesorio para cerco eléctrico Gallagher,"Gallagher Clip para poste de linea aislado pk20. Accesorio para cerco eléctrico diseñado para una instalación prolija y durable. Contribuye a la correcta conducción, sujeción o conexión según el componente, manteniendo la eficiencia del sistema. Código/SKU: G74430.",12.97,USD,true,false,[],"[{""label"":""Código"",""value"":""G74430"",""sortOrder"":1},{""label"":""Marca"",""value"":""Gallagher"",""sortOrder"":2},{""label"":""Categoría"",""value"":""Electrificación Accesorios"",""sortOrder"":3}]","[{""priceList"":""minorista"",""currency"":""USD"",""netPrice"":16.86,""taxRate"":21}]",[]
G74635,Gallagher Pinlock Pin x 50 unidades (Pin para trabajo pesado),GALLAGHER,Electrificación Accesorios,Accesorio para cerco eléctrico Gallagher,"Gallagher Pinlock Pin x 50 unidades (Pin para trabajo pesado). Accesorio para cerco eléctrico diseñado para una instalación prolija y durable. Contribuye a la correcta conducción, sujeción o conexión según el componente, manteniendo la eficiencia del sistema. Código/SKU: G74635.",18.37,USD,true,false,[],"[{""label"":""Código"",""value"":""G74635"",""sortOrder"":1},{""label"":""Marca"",""value"":""Gallagher"",""sortOrder"":2},{""label"":""Modelo"",""value"":""50"",""sortOrder"":3},{""label"":""Categoría"",""value"":""Electrificación Accesorios"",""sortOrder"":4}]","[{""priceList"":""minorista"",""currency"":""USD"",""netPrice"":23.88,""taxRate"":21}]",[]
G79504,Gallagher Tensor estandar galvanizado Pack 25 unidades,GALLAGHER,Electrificación Accesorios,Accesorio para cerco eléctrico Gallagher,"Gallagher Tensor estandar galvanizado Pack 25 unidades. Accesorio para cerco eléctrico diseñado para una instalación prolija y durable. Contribuye a la correcta conducción, sujeción o conexión según el componente, manteniendo la eficiencia del sistema. Código/SKU: G79504.",121.61,USD,true,false,[],"[{""label"":""Código"",""value"":""G79504"",""sortOrder"":1},{""label"":""Marca"",""value"":""Gallagher"",""sortOrder"":2},{""label"":""Modelo"",""value"":""25"",""sortOrder"":3},{""label"":""Categoría"",""value"":""Electrificación Accesorios"",""sortOrder"":4}]","[{""priceList"":""minorista"",""currency"":""USD"",""netPrice"":158.09,""taxRate"":21}]",[]
G81710,Gallagher Varilla Fibra de vidrio 10x1500 mm Blanca Pk50,GALLAGHER,Electrificación Accesorios,Accesorio para cerco eléctrico Gallagher,"Gallagher Varilla Fibra de vidrio 10x1500 mm Blanca Pk50. Accesorio para cerco eléctrico diseñado para una instalación prolija y durable. Contribuye a la correcta conducción, sujeción o conexión según el componente, manteniendo la eficiencia del sistema. Código/SKU: G81710.",219.78,USD,true,false,[],"[{""label"":""Código"",""value"":""G81710"",""sortOrder"":1},{""label"":""Marca"",""value"":""Gallagher"",""sortOrder"":2},{""label"":""Categoría"",""value"":""Electrificación Accesorios"",""sortOrder"":3}]","[{""priceList"":""minorista"",""currency"":""USD"",""netPrice"":285.71,""taxRate"":21}]",[]
G87601,Gallagher Abrazadera para barra a tierra galvanizada Pack 3 unidades,GALLAGHER,Electrificación Accesorios,Accesorio para cerco eléctrico Gallagher,"Gallagher Abrazadera para barra a tierra galvanizada Pack 3 unidades. Accesorio para cerco eléctrico diseñado para una instalación prolija y durable. Contribuye a la correcta conducción, sujeción o conexión según el componente, manteniendo la eficiencia del sistema. Código/SKU: G87601.",24.06,USD,true,false,[],"[{""label"":""Código"",""value"":""G87601"",""sortOrder"":1},{""label"":""Marca"",""value"":""Gallagher"",""sortOrder"":2},{""label"":""Categoría"",""value"":""Electrificación Accesorios"",""sortOrder"":3}]","[{""priceList"":""minorista"",""currency"":""USD"",""netPrice"":31.28,""taxRate"":21}]",[]
G89117,Gallagher Gripper Cordón Bungy,GALLAGHER,Electrificación Accesorios,Accesorio para cerco eléctrico Gallagher,"Gallagher Gripper Cordón Bungy. Accesorio para cerco eléctrico diseñado para una instalación prolija y durable. Contribuye a la correcta conducción, sujeción o conexión según el componente, manteniendo la eficiencia del sistema. Código/SKU: G89117.",13.38,USD,true,false,[],"[{""label"":""Código"",""value"":""G89117"",""sortOrder"":1},{""label"":""Marca"",""value"":""Gallagher"",""sortOrder"":2},{""label"":""Categoría"",""value"":""Electrificación Accesorios"",""sortOrder"":3}]","[{""priceList"":""minorista"",""currency"":""USD"",""netPrice"":17.39,""taxRate"":21}]",[]
G90402,Gallagher Red para ovejas y Gallinas,GALLAGHER,Electrificación Accesorios,Accesorio para cerco eléctrico Gallagher,"Gallagher Red para ovejas y Gallinas. Accesorio para cerco eléctrico diseñado para una instalación prolija y durable. Contribuye a la correcta conducción, sujeción o conexión según el componente, manteniendo la eficiencia del sistema. Código/SKU: G90402.",393.02,USD,true,false,[],"[{""label"":""Código"",""value"":""G90402"",""sortOrder"":1},{""label"":""Marca"",""value"":""Gallagher"",""sortOrder"":2},{""label"":""Categoría"",""value"":""Electrificación Accesorios"",""sortOrder"":3}]","[{""priceList"":""minorista"",""currency"":""USD"",""netPrice"":510.93,""taxRate"":21}]",[]
SG205,Gallagher Aislador separador largo- 26 cm ¨Pack 20 unidades,GALLAGHER,Electrificación Accesorios,Accesorio para cerco eléctrico Gallagher,"Gallagher Aislador separador largo- 26 cm ¨Pack 20 unidades. Accesorio para cerco eléctrico diseñado para una instalación prolija y durable. Contribuye a la correcta conducción, sujeción o conexión según el componente, manteniendo la eficiencia del sistema. Código/SKU: SG205.",118.64,USD,true,false,[],"[{""label"":""Código"",""value"":""SG205"",""sortOrder"":1},{""label"":""Marca"",""value"":""Gallagher"",""sortOrder"":2},{""label"":""Modelo"",""value"":""26"",""sortOrder"":3},{""label"":""Categoría"",""value"":""Electrificación Accesorios"",""sortOrder"":4}]","[{""priceList"":""minorista"",""currency"":""USD"",""netPrice"":148.3,""taxRate"":21}]",[]
EC20-400-AR-P,Plato Medidor de Pasturas JENQUIP,Jenquip,Pasturometro,Pasturómetro Jenquip para medición de pasto,"Plato Medidor de Pasturas JENQUIP. Pasturómetro para medición y estimación de disponibilidad de forraje, útil para planificar el pastoreo. Ayuda a tomar decisiones basadas en datos y a mejorar la eficiencia del manejo. Código/SKU: EC20-400-AR-P.",1283.75,USD,true,false,[],"[{""label"":""Código"",""value"":""EC20-400-AR-P"",""sortOrder"":1},{""label"":""Marca"",""value"":""Jenquip"",""sortOrder"":2},{""label"":""Categoría"",""value"":""Pasturometro"",""sortOrder"":3}]","[{""priceList"":""minorista"",""currency"":""USD"",""netPrice"":1668.88,""taxRate"":21}]",[]
BUNGY-50M-CN,CORDON BUNGY 8mm 50metros,nan,Electrificación Accesorios,CORDON BUNGY 8mm 50metros,CORDON BUNGY 8mm 50metros de nan. Producto de la categoría Electrificación Accesorios. Ideal para operaciones rurales que requieren confiabilidad y facilidad de uso. Código/SKU: BUNGY-50M-CN. IVA sugerido: 21.00%.,60.24,USD,true,false,[],"[{""label"":""Código"",""value"":""BUNGY-50M-CN"",""sortOrder"":1},{""label"":""IVA"",""value"":""21.0%"",""sortOrder"":2}]","[{""priceList"":""minorista"",""currency"":""USD"",""netPrice"":78.31,""taxRate"":21}]",[]
660019,Celda de suspensión para conversión (b. mecánica),Tmc.Agro,Pesaje e IDE,Equipo de pesaje Tmc.Agro para manejo ganadero,"Celda de suspensión para conversión (b. mecánica). Solución de pesaje y/o identificación electrónica orientada a manejo ganadero. Pensada para uso intensivo en campo, facilita el control de peso y la toma de decisiones operativas (manejo, recría, engorde). Código/SKU: 660019.",128.38,USD,true,false,"[{""url"":""https://res.cloudinary.com/dqcb3hmi3/image/upload/v1772566259/ifedel/products/660019/hvfon6mxvxdzwcd0p4p8.jpg"",""isPrimary"":true,""sortOrder"":0},{""url"":""https://res.cloudinary.com/dqcb3hmi3/image/upload/v1772566266/ifedel/products/660019/q4bjdeeogsetgitbdgwh.jpg"",""isPrimary"":false,""sortOrder"":1}]","[{""label"":""Código"",""value"":""660019"",""sortOrder"":1},{""label"":""Marca"",""value"":""Tmc.Agro"",""sortOrder"":2},{""label"":""Categoría"",""value"":""Pesaje e IDE"",""sortOrder"":3}]","[{""priceList"":""minorista"",""currency"":""USD"",""netPrice"":166.89,""taxRate"":21}]",[]
FQ320L,Valvula Torrent MAX,Tmc.Agro,Agua,Solución de agua Tmc.Agro para campo,Valvula Torrent MAX. Producto para sistemas de abastecimiento y manejo de agua en entornos rurales. Aporta practicidad y durabilidad para mejorar la disponibilidad y distribución del recurso hídrico. Código/SKU: FQ320L.,33.58,USD,true,false,[],"[{""label"":""Código"",""value"":""FQ320L"",""sortOrder"":1},{""label"":""Marca"",""value"":""Tmc.Agro"",""sortOrder"":2},{""label"":""Categoría"",""value"":""Agua"",""sortOrder"":3}]","[{""priceList"":""minorista"",""currency"":""USD"",""netPrice"":43.65,""taxRate"":21}]",[]
FT103,TMC Carretel vacio con engranajes 3:1,Tmc.Agro,Electrificación Accesorios,Accesorio para cerco eléctrico Tmc.Agro,"TMC Carretel vacio con engranajes 3:1. Accesorio para cerco eléctrico diseñado para una instalación prolija y durable. Contribuye a la correcta conducción, sujeción o conexión según el componente, manteniendo la eficiencia del sistema. Código/SKU: FT103.",37.53,USD,true,false,[],"[{""label"":""Código"",""value"":""FT103"",""sortOrder"":1},{""label"":""Marca"",""value"":""Tmc.Agro"",""sortOrder"":2},{""label"":""Categoría"",""value"":""Electrificación Accesorios"",""sortOrder"":3}]","[{""priceList"":""minorista"",""currency"":""USD"",""netPrice"":48.78,""taxRate"":21}]",[]
HVFB,Herramienta clavadora de varillas de fibra de vidrio,Tmc.Agro,Electrificación Accesorios,Accesorio para cerco eléctrico Tmc.Agro,"Herramienta clavadora de varillas de fibra de vidrio. Accesorio para cerco eléctrico diseñado para una instalación prolija y durable. Contribuye a la correcta conducción, sujeción o conexión según el componente, manteniendo la eficiencia del sistema. Código/SKU: HVFB.",14.81,USD,true,false,[],"[{""label"":""Código"",""value"":""HVFB"",""sortOrder"":1},{""label"":""Marca"",""value"":""Tmc.Agro"",""sortOrder"":2},{""label"":""Categoría"",""value"":""Electrificación Accesorios"",""sortOrder"":3}]","[{""priceList"":""minorista"",""currency"":""USD"",""netPrice"":19.26,""taxRate"":21}]",[]
